label,epoch,node,alloc_m,requested_m,used_m,free_m,pods
nimbus,1784222945.788,anhnt550-k8s-knative-em4nvn2znek4-default-worker-6stg6-6fl7s,16000,15,61,15985,6
nimbus,1784222945.788,anhnt550-k8s-knative-em4nvn2znek4-default-worker-6stg6-7r2pm,16000,115,51,15885,8
nimbus,1784222945.788,anhnt550-k8s-knative-em4nvn2znek4-default-worker-6stg6-x67l2,16000,305,46,15695,6
nimbus,1784222947.788,anhnt550-k8s-knative-em4nvn2znek4-default-worker-6stg6-6fl7s,16000,15,61,15985,6
nimbus,1784222947.788,anhnt550-k8s-knative-em4nvn2znek4-default-worker-6stg6-7r2pm,16000,115,51,15885,8
nimbus,1784222947.788,anhnt550-k8s-knative-em4nvn2znek4-default-worker-6stg6-x67l2,16000,305,46,15695,6
nimbus,1784222949.788,anhnt550-k8s-knative-em4nvn2znek4-default-worker-6stg6-6fl7s,16000,15,61,15985,6
nimbus,1784222949.788,anhnt550-k8s-knative-em4nvn2znek4-default-worker-6stg6-7r2pm,16000,115,51,15885,8
nimbus,1784222949.788,anhnt550-k8s-knative-em4nvn2znek4-default-worker-6stg6-x67l2,16000,305,46,15695,6
nimbus,1784222951.788,anhnt550-k8s-knative-em4nvn2znek4-default-worker-6stg6-6fl7s,16000,1015,61,14985,7
nimbus,1784222951.788,anhnt550-k8s-knative-em4nvn2znek4-default-worker-6stg6-7r2pm,16000,115,51,15885,8
nimbus,1784222951.788,anhnt550-k8s-knative-em4nvn2znek4-default-worker-6stg6-x67l2,16000,305,46,15695,6
nimbus,1784222953.788,anhnt550-k8s-knative-em4nvn2znek4-default-worker-6stg6-6fl7s,16000,1015,61,14985,7
nimbus,1784222953.788,anhnt550-k8s-knative-em4nvn2znek4-default-worker-6stg6-7r2pm,16000,115,51,15885,8
nimbus,1784222953.788,anhnt550-k8s-knative-em4nvn2znek4-default-worker-6stg6-x67l2,16000,305,46,15695,6
nimbus,1784222955.788,anhnt550-k8s-knative-em4nvn2znek4-default-worker-6stg6-6fl7s,16000,1015,61,14985,7
nimbus,1784222955.788,anhnt550-k8s-knative-em4nvn2znek4-default-worker-6stg6-7r2pm,16000,115,51,15885,8
nimbus,1784222955.788,anhnt550-k8s-knative-em4nvn2znek4-default-worker-6stg6-x67l2,16000,305,46,15695,6
nimbus,1784222957.788,anhnt550-k8s-knative-em4nvn2znek4-default-worker-6stg6-6fl7s,16000,1015,61,14985,7
nimbus,1784222957.788,anhnt550-k8s-knative-em4nvn2znek4-default-worker-6stg6-7r2pm,16000,115,51,15885,8
nimbus,1784222957.788,anhnt550-k8s-knative-em4nvn2znek4-default-worker-6stg6-x67l2,16000,305,46,15695,6
nimbus,1784222959.788,anhnt550-k8s-knative-em4nvn2znek4-default-worker-6stg6-6fl7s,16000,1015,63,14985,7
nimbus,1784222959.788,anhnt550-k8s-knative-em4nvn2znek4-default-worker-6stg6-7r2pm,16000,115,53,15885,8
nimbus,1784222959.788,anhnt550-k8s-knative-em4nvn2znek4-default-worker-6stg6-x67l2,16000,305,54,15695,6
nimbus,1784222961.788,anhnt550-k8s-knative-em4nvn2znek4-default-worker-6stg6-6fl7s,16000,1015,63,14985,7
nimbus,1784222961.788,anhnt550-k8s-knative-em4nvn2znek4-default-worker-6stg6-7r2pm,16000,115,53,15885,8
nimbus,1784222961.788,anhnt550-k8s-knative-em4nvn2znek4-default-worker-6stg6-x67l2,16000,1305,54,14695,7
nimbus,1784222963.788,anhnt550-k8s-knative-em4nvn2znek4-default-worker-6stg6-6fl7s,16000,1015,63,14985,7
nimbus,1784222963.788,anhnt550-k8s-knative-em4nvn2znek4-default-worker-6stg6-7r2pm,16000,115,53,15885,8
nimbus,1784222963.788,anhnt550-k8s-knative-em4nvn2znek4-default-worker-6stg6-x67l2,16000,1305,54,14695,7
nimbus,1784222965.788,anhnt550-k8s-knative-em4nvn2znek4-default-worker-6stg6-6fl7s,16000,1015,63,14985,7
nimbus,1784222965.788,anhnt550-k8s-knative-em4nvn2znek4-default-worker-6stg6-7r2pm,16000,115,53,15885,8
nimbus,1784222965.788,anhnt550-k8s-knative-em4nvn2znek4-default-worker-6stg6-x67l2,16000,1305,54,14695,7
nimbus,1784222967.788,anhnt550-k8s-knative-em4nvn2znek4-default-worker-6stg6-6fl7s,16000,1015,63,14985,7
nimbus,1784222967.788,anhnt550-k8s-knative-em4nvn2znek4-default-worker-6stg6-7r2pm,16000,115,53,15885,8
nimbus,1784222967.788,anhnt550-k8s-knative-em4nvn2znek4-default-worker-6stg6-x67l2,16000,1305,54,14695,7
nimbus,1784222969.788,anhnt550-k8s-knative-em4nvn2znek4-default-worker-6stg6-6fl7s,16000,1015,63,14985,7
nimbus,1784222969.788,anhnt550-k8s-knative-em4nvn2znek4-default-worker-6stg6-7r2pm,16000,115,53,15885,8
nimbus,1784222969.788,anhnt550-k8s-knative-em4nvn2znek4-default-worker-6stg6-x67l2,16000,1305,54,14695,7
nimbus,1784222971.788,anhnt550-k8s-knative-em4nvn2znek4-default-worker-6stg6-6fl7s,16000,1015,63,14985,7
nimbus,1784222971.788,anhnt550-k8s-knative-em4nvn2znek4-default-worker-6stg6-7r2pm,16000,1115,53,14885,9
nimbus,1784222971.788,anhnt550-k8s-knative-em4nvn2znek4-default-worker-6stg6-x67l2,16000,1305,54,14695,7
nimbus,1784222973.788,anhnt550-k8s-knative-em4nvn2znek4-default-worker-6stg6-6fl7s,16000,1015,63,14985,7
nimbus,1784222973.788,anhnt550-k8s-knative-em4nvn2znek4-default-worker-6stg6-7r2pm,16000,1115,53,14885,9
nimbus,1784222973.788,anhnt550-k8s-knative-em4nvn2znek4-default-worker-6stg6-x67l2,16000,1305,54,14695,7
nimbus,1784222975.788,anhnt550-k8s-knative-em4nvn2znek4-default-worker-6stg6-6fl7s,16000,1015,695,14985,7
nimbus,1784222975.788,anhnt550-k8s-knative-em4nvn2znek4-default-worker-6stg6-7r2pm,16000,1115,47,14885,9
nimbus,1784222975.788,anhnt550-k8s-knative-em4nvn2znek4-default-worker-6stg6-x67l2,16000,1305,588,14695,7
nimbus,1784222977.788,anhnt550-k8s-knative-em4nvn2znek4-default-worker-6stg6-6fl7s,16000,1015,695,14985,7
nimbus,1784222977.788,anhnt550-k8s-knative-em4nvn2znek4-default-worker-6stg6-7r2pm,16000,1115,47,14885,9
nimbus,1784222977.788,anhnt550-k8s-knative-em4nvn2znek4-default-worker-6stg6-x67l2,16000,1305,588,14695,7
nimbus,1784222979.788,anhnt550-k8s-knative-em4nvn2znek4-default-worker-6stg6-6fl7s,16000,1015,695,14985,7
nimbus,1784222979.788,anhnt550-k8s-knative-em4nvn2znek4-default-worker-6stg6-7r2pm,16000,1115,47,14885,9
nimbus,1784222979.788,anhnt550-k8s-knative-em4nvn2znek4-default-worker-6stg6-x67l2,16000,1305,588,14695,7
nimbus,1784222981.788,anhnt550-k8s-knative-em4nvn2znek4-default-worker-6stg6-6fl7s,16000,2015,695,13985,8
nimbus,1784222981.788,anhnt550-k8s-knative-em4nvn2znek4-default-worker-6stg6-7r2pm,16000,1115,47,14885,9
nimbus,1784222981.788,anhnt550-k8s-knative-em4nvn2znek4-default-worker-6stg6-x67l2,16000,1305,588,14695,7
nimbus,1784222983.788,anhnt550-k8s-knative-em4nvn2znek4-default-worker-6stg6-6fl7s,16000,2015,695,13985,8
nimbus,1784222983.788,anhnt550-k8s-knative-em4nvn2znek4-default-worker-6stg6-7r2pm,16000,1115,47,14885,9
nimbus,1784222983.788,anhnt550-k8s-knative-em4nvn2znek4-default-worker-6stg6-x67l2,16000,1305,588,14695,7
nimbus,1784222985.788,anhnt550-k8s-knative-em4nvn2znek4-default-worker-6stg6-6fl7s,16000,2015,695,13985,8
nimbus,1784222985.788,anhnt550-k8s-knative-em4nvn2znek4-default-worker-6stg6-7r2pm,16000,1115,47,14885,9
nimbus,1784222985.788,anhnt550-k8s-knative-em4nvn2znek4-default-worker-6stg6-x67l2,16000,1305,588,14695,7
nimbus,1784222987.788,anhnt550-k8s-knative-em4nvn2znek4-default-worker-6stg6-6fl7s,16000,2015,695,13985,8
nimbus,1784222987.788,anhnt550-k8s-knative-em4nvn2znek4-default-worker-6stg6-7r2pm,16000,1115,47,14885,9
nimbus,1784222987.788,anhnt550-k8s-knative-em4nvn2znek4-default-worker-6stg6-x67l2,16000,1305,588,14695,7
nimbus,1784222989.788,anhnt550-k8s-knative-em4nvn2znek4-default-worker-6stg6-6fl7s,16000,2015,64,13985,8
nimbus,1784222989.788,anhnt550-k8s-knative-em4nvn2znek4-default-worker-6stg6-7r2pm,16000,1115,645,14885,9
nimbus,1784222989.788,anhnt550-k8s-knative-em4nvn2znek4-default-worker-6stg6-x67l2,16000,1305,427,14695,7
nimbus,1784222991.788,anhnt550-k8s-knative-em4nvn2znek4-default-worker-6stg6-6fl7s,16000,2015,64,13985,8
nimbus,1784222991.788,anhnt550-k8s-knative-em4nvn2znek4-default-worker-6stg6-7r2pm,16000,1115,645,14885,9
nimbus,1784222991.788,anhnt550-k8s-knative-em4nvn2znek4-default-worker-6stg6-x67l2,16000,2305,427,13695,8
nimbus,1784222993.788,anhnt550-k8s-knative-em4nvn2znek4-default-worker-6stg6-6fl7s,16000,2015,64,13985,8
nimbus,1784222993.788,anhnt550-k8s-knative-em4nvn2znek4-default-worker-6stg6-7r2pm,16000,1115,645,14885,9
nimbus,1784222993.788,anhnt550-k8s-knative-em4nvn2znek4-default-worker-6stg6-x67l2,16000,2305,427,13695,8
nimbus,1784222995.788,anhnt550-k8s-knative-em4nvn2znek4-default-worker-6stg6-6fl7s,16000,2015,64,13985,8
nimbus,1784222995.788,anhnt550-k8s-knative-em4nvn2znek4-default-worker-6stg6-7r2pm,16000,1115,645,14885,9
nimbus,1784222995.788,anhnt550-k8s-knative-em4nvn2znek4-default-worker-6stg6-x67l2,16000,2305,427,13695,8
nimbus,1784222997.788,anhnt550-k8s-knative-em4nvn2znek4-default-worker-6stg6-6fl7s,16000,2015,64,13985,8
nimbus,1784222997.788,anhnt550-k8s-knative-em4nvn2znek4-default-worker-6stg6-7r2pm,16000,1115,645,14885,9
nimbus,1784222997.788,anhnt550-k8s-knative-em4nvn2znek4-default-worker-6stg6-x67l2,16000,2305,427,13695,8
nimbus,1784222999.788,anhnt550-k8s-knative-em4nvn2znek4-default-worker-6stg6-6fl7s,16000,2015,64,13985,8
nimbus,1784222999.788,anhnt550-k8s-knative-em4nvn2znek4-default-worker-6stg6-7r2pm,16000,1115,645,14885,9
nimbus,1784222999.788,anhnt550-k8s-knative-em4nvn2znek4-default-worker-6stg6-x67l2,16000,2305,427,13695,8
nimbus,1784223001.788,anhnt550-k8s-knative-em4nvn2znek4-default-worker-6stg6-6fl7s,16000,2015,64,13985,8
nimbus,1784223001.788,anhnt550-k8s-knative-em4nvn2znek4-default-worker-6stg6-7r2pm,16000,2115,645,13885,10
nimbus,1784223001.788,anhnt550-k8s-knative-em4nvn2znek4-default-worker-6stg6-x67l2,16000,2305,427,13695,8
nimbus,1784223003.788,anhnt550-k8s-knative-em4nvn2znek4-default-worker-6stg6-6fl7s,16000,2015,64,13985,8
nimbus,1784223003.788,anhnt550-k8s-knative-em4nvn2znek4-default-worker-6stg6-7r2pm,16000,2115,645,13885,10
nimbus,1784223003.788,anhnt550-k8s-knative-em4nvn2znek4-default-worker-6stg6-x67l2,16000,2305,427,13695,8
nimbus,1784223005.788,anhnt550-k8s-knative-em4nvn2znek4-default-worker-6stg6-6fl7s,16000,1015,742,14985,7
nimbus,1784223005.788,anhnt550-k8s-knative-em4nvn2znek4-default-worker-6stg6-7r2pm,16000,2115,64,13885,10
nimbus,1784223005.788,anhnt550-k8s-knative-em4nvn2znek4-default-worker-6stg6-x67l2,16000,2305,592,13695,8
nimbus,1784223007.788,anhnt550-k8s-knative-em4nvn2znek4-default-worker-6stg6-6fl7s,16000,1015,742,14985,7
nimbus,1784223007.788,anhnt550-k8s-knative-em4nvn2znek4-default-worker-6stg6-7r2pm,16000,2115,64,13885,10
nimbus,1784223007.788,anhnt550-k8s-knative-em4nvn2znek4-default-worker-6stg6-x67l2,16000,2305,592,13695,8
nimbus,1784223009.788,anhnt550-k8s-knative-em4nvn2znek4-default-worker-6stg6-6fl7s,16000,1015,742,14985,7
nimbus,1784223009.788,anhnt550-k8s-knative-em4nvn2znek4-default-worker-6stg6-7r2pm,16000,2115,64,13885,10
nimbus,1784223009.788,anhnt550-k8s-knative-em4nvn2znek4-default-worker-6stg6-x67l2,16000,2305,592,13695,8
nimbus,1784223011.788,anhnt550-k8s-knative-em4nvn2znek4-default-worker-6stg6-6fl7s,16000,2015,742,13985,8
nimbus,1784223011.788,anhnt550-k8s-knative-em4nvn2znek4-default-worker-6stg6-7r2pm,16000,2115,64,13885,10
nimbus,1784223011.788,anhnt550-k8s-knative-em4nvn2znek4-default-worker-6stg6-x67l2,16000,2305,592,13695,8
nimbus,1784223013.788,anhnt550-k8s-knative-em4nvn2znek4-default-worker-6stg6-6fl7s,16000,2015,742,13985,8
nimbus,1784223013.788,anhnt550-k8s-knative-em4nvn2znek4-default-worker-6stg6-7r2pm,16000,2115,64,13885,10
nimbus,1784223013.788,anhnt550-k8s-knative-em4nvn2znek4-default-worker-6stg6-x67l2,16000,2305,592,13695,8
nimbus,1784223015.788,anhnt550-k8s-knative-em4nvn2znek4-default-worker-6stg6-6fl7s,16000,2015,742,13985,8
nimbus,1784223015.788,anhnt550-k8s-knative-em4nvn2znek4-default-worker-6stg6-7r2pm,16000,2115,64,13885,10
nimbus,1784223015.788,anhnt550-k8s-knative-em4nvn2znek4-default-worker-6stg6-x67l2,16000,2305,592,13695,8
nimbus,1784223017.788,anhnt550-k8s-knative-em4nvn2znek4-default-worker-6stg6-6fl7s,16000,2015,742,13985,8
nimbus,1784223017.788,anhnt550-k8s-knative-em4nvn2znek4-default-worker-6stg6-7r2pm,16000,2115,64,13885,10
nimbus,1784223017.788,anhnt550-k8s-knative-em4nvn2znek4-default-worker-6stg6-x67l2,16000,1305,592,14695,7
nimbus,1784223019.788,anhnt550-k8s-knative-em4nvn2znek4-default-worker-6stg6-6fl7s,16000,2015,265,13985,8
nimbus,1784223019.788,anhnt550-k8s-knative-em4nvn2znek4-default-worker-6stg6-7r2pm,16000,2115,666,13885,10
nimbus,1784223019.788,anhnt550-k8s-knative-em4nvn2znek4-default-worker-6stg6-x67l2,16000,1305,463,14695,7
nimbus,1784223021.788,anhnt550-k8s-knative-em4nvn2znek4-default-worker-6stg6-6fl7s,16000,2015,265,13985,8
nimbus,1784223021.788,anhnt550-k8s-knative-em4nvn2znek4-default-worker-6stg6-7r2pm,16000,2115,666,13885,10
nimbus,1784223021.788,anhnt550-k8s-knative-em4nvn2znek4-default-worker-6stg6-x67l2,16000,2305,463,13695,8
nimbus,1784223023.788,anhnt550-k8s-knative-em4nvn2znek4-default-worker-6stg6-6fl7s,16000,2015,265,13985,8
nimbus,1784223023.788,anhnt550-k8s-knative-em4nvn2znek4-default-worker-6stg6-7r2pm,16000,1115,666,14885,9
nimbus,1784223023.788,anhnt550-k8s-knative-em4nvn2znek4-default-worker-6stg6-x67l2,16000,2305,463,13695,8
nimbus,1784223025.788,anhnt550-k8s-knative-em4nvn2znek4-default-worker-6stg6-6fl7s,16000,2015,265,13985,8
nimbus,1784223025.788,anhnt550-k8s-knative-em4nvn2znek4-default-worker-6stg6-7r2pm,16000,1115,666,14885,9
nimbus,1784223025.788,anhnt550-k8s-knative-em4nvn2znek4-default-worker-6stg6-x67l2,16000,2305,463,13695,8
nimbus,1784223027.788,anhnt550-k8s-knative-em4nvn2znek4-default-worker-6stg6-6fl7s,16000,2015,265,13985,8
nimbus,1784223027.788,anhnt550-k8s-knative-em4nvn2znek4-default-worker-6stg6-7r2pm,16000,1115,666,14885,9
nimbus,1784223027.788,anhnt550-k8s-knative-em4nvn2znek4-default-worker-6stg6-x67l2,16000,2305,463,13695,8
nimbus,1784223029.788,anhnt550-k8s-knative-em4nvn2znek4-default-worker-6stg6-6fl7s,16000,2015,265,13985,8
nimbus,1784223029.788,anhnt550-k8s-knative-em4nvn2znek4-default-worker-6stg6-7r2pm,16000,1115,666,14885,9
nimbus,1784223029.788,anhnt550-k8s-knative-em4nvn2znek4-default-worker-6stg6-x67l2,16000,2305,463,13695,8
nimbus,1784223031.788,anhnt550-k8s-knative-em4nvn2znek4-default-worker-6stg6-6fl7s,16000,2015,265,13985,8
nimbus,1784223031.788,anhnt550-k8s-knative-em4nvn2znek4-default-worker-6stg6-7r2pm,16000,2115,666,13885,10
nimbus,1784223031.788,anhnt550-k8s-knative-em4nvn2znek4-default-worker-6stg6-x67l2,16000,2305,463,13695,8
nimbus,1784223033.788,anhnt550-k8s-knative-em4nvn2znek4-default-worker-6stg6-6fl7s,16000,2015,265,13985,8
nimbus,1784223033.788,anhnt550-k8s-knative-em4nvn2znek4-default-worker-6stg6-7r2pm,16000,2115,666,13885,10
nimbus,1784223033.788,anhnt550-k8s-knative-em4nvn2znek4-default-worker-6stg6-x67l2,16000,2305,463,13695,8
nimbus,1784223035.788,anhnt550-k8s-knative-em4nvn2znek4-default-worker-6stg6-6fl7s,16000,1015,699,14985,7
nimbus,1784223035.788,anhnt550-k8s-knative-em4nvn2znek4-default-worker-6stg6-7r2pm,16000,2115,240,13885,10
nimbus,1784223035.788,anhnt550-k8s-knative-em4nvn2znek4-default-worker-6stg6-x67l2,16000,2305,698,13695,8
nimbus,1784223037.788,anhnt550-k8s-knative-em4nvn2znek4-default-worker-6stg6-6fl7s,16000,1015,699,14985,7
nimbus,1784223037.788,anhnt550-k8s-knative-em4nvn2znek4-default-worker-6stg6-7r2pm,16000,2115,240,13885,10
nimbus,1784223037.788,anhnt550-k8s-knative-em4nvn2znek4-default-worker-6stg6-x67l2,16000,2305,698,13695,8
nimbus,1784223039.788,anhnt550-k8s-knative-em4nvn2znek4-default-worker-6stg6-6fl7s,16000,1015,699,14985,7
nimbus,1784223039.788,anhnt550-k8s-knative-em4nvn2znek4-default-worker-6stg6-7r2pm,16000,2115,240,13885,10
nimbus,1784223039.788,anhnt550-k8s-knative-em4nvn2znek4-default-worker-6stg6-x67l2,16000,2305,698,13695,8
nimbus,1784223041.788,anhnt550-k8s-knative-em4nvn2znek4-default-worker-6stg6-6fl7s,16000,2015,699,13985,8
nimbus,1784223041.788,anhnt550-k8s-knative-em4nvn2znek4-default-worker-6stg6-7r2pm,16000,2115,240,13885,10
nimbus,1784223041.788,anhnt550-k8s-knative-em4nvn2znek4-default-worker-6stg6-x67l2,16000,2305,698,13695,8
nimbus,1784223043.788,anhnt550-k8s-knative-em4nvn2znek4-default-worker-6stg6-6fl7s,16000,2015,699,13985,8
nimbus,1784223043.788,anhnt550-k8s-knative-em4nvn2znek4-default-worker-6stg6-7r2pm,16000,2115,240,13885,10
nimbus,1784223043.788,anhnt550-k8s-knative-em4nvn2znek4-default-worker-6stg6-x67l2,16000,2305,698,13695,8
nimbus,1784223045.788,anhnt550-k8s-knative-em4nvn2znek4-default-worker-6stg6-6fl7s,16000,2015,699,13985,8
nimbus,1784223045.788,anhnt550-k8s-knative-em4nvn2znek4-default-worker-6stg6-7r2pm,16000,2115,240,13885,10
nimbus,1784223045.788,anhnt550-k8s-knative-em4nvn2znek4-default-worker-6stg6-x67l2,16000,1305,698,14695,7
nimbus,1784223047.788,anhnt550-k8s-knative-em4nvn2znek4-default-worker-6stg6-6fl7s,16000,2015,699,13985,8
nimbus,1784223047.788,anhnt550-k8s-knative-em4nvn2znek4-default-worker-6stg6-7r2pm,16000,2115,240,13885,10
nimbus,1784223047.788,anhnt550-k8s-knative-em4nvn2znek4-default-worker-6stg6-x67l2,16000,1305,698,14695,7
nimbus,1784223049.788,anhnt550-k8s-knative-em4nvn2znek4-default-worker-6stg6-6fl7s,16000,2015,318,13985,8
nimbus,1784223049.788,anhnt550-k8s-knative-em4nvn2znek4-default-worker-6stg6-7r2pm,16000,2115,632,13885,10
nimbus,1784223049.788,anhnt550-k8s-knative-em4nvn2znek4-default-worker-6stg6-x67l2,16000,1305,541,14695,7
nimbus,1784223051.788,anhnt550-k8s-knative-em4nvn2znek4-default-worker-6stg6-6fl7s,16000,2015,318,13985,8
nimbus,1784223051.788,anhnt550-k8s-knative-em4nvn2znek4-default-worker-6stg6-7r2pm,16000,2115,632,13885,10
nimbus,1784223051.788,anhnt550-k8s-knative-em4nvn2znek4-default-worker-6stg6-x67l2,16000,2305,541,13695,8
nimbus,1784223053.788,anhnt550-k8s-knative-em4nvn2znek4-default-worker-6stg6-6fl7s,16000,2015,318,13985,8
nimbus,1784223053.788,anhnt550-k8s-knative-em4nvn2znek4-default-worker-6stg6-7r2pm,16000,2115,632,13885,10
nimbus,1784223053.788,anhnt550-k8s-knative-em4nvn2znek4-default-worker-6stg6-x67l2,16000,2305,541,13695,8
nimbus,1784223055.788,anhnt550-k8s-knative-em4nvn2znek4-default-worker-6stg6-6fl7s,16000,2015,318,13985,8
nimbus,1784223055.788,anhnt550-k8s-knative-em4nvn2znek4-default-worker-6stg6-7r2pm,16000,1115,632,14885,9
nimbus,1784223055.788,anhnt550-k8s-knative-em4nvn2znek4-default-worker-6stg6-x67l2,16000,2305,541,13695,8
nimbus,1784223057.788,anhnt550-k8s-knative-em4nvn2znek4-default-worker-6stg6-6fl7s,16000,2015,318,13985,8
nimbus,1784223057.788,anhnt550-k8s-knative-em4nvn2znek4-default-worker-6stg6-7r2pm,16000,1115,632,14885,9
nimbus,1784223057.788,anhnt550-k8s-knative-em4nvn2znek4-default-worker-6stg6-x67l2,16000,2305,541,13695,8
nimbus,1784223059.788,anhnt550-k8s-knative-em4nvn2znek4-default-worker-6stg6-6fl7s,16000,2015,318,13985,8
nimbus,1784223059.788,anhnt550-k8s-knative-em4nvn2znek4-default-worker-6stg6-7r2pm,16000,1115,632,14885,9
nimbus,1784223059.788,anhnt550-k8s-knative-em4nvn2znek4-default-worker-6stg6-x67l2,16000,2305,541,13695,8
nimbus,1784223061.788,anhnt550-k8s-knative-em4nvn2znek4-default-worker-6stg6-6fl7s,16000,2015,318,13985,8
nimbus,1784223061.788,anhnt550-k8s-knative-em4nvn2znek4-default-worker-6stg6-7r2pm,16000,2115,632,13885,10
nimbus,1784223061.788,anhnt550-k8s-knative-em4nvn2znek4-default-worker-6stg6-x67l2,16000,2305,541,13695,8
nimbus,1784223063.788,anhnt550-k8s-knative-em4nvn2znek4-default-worker-6stg6-6fl7s,16000,2015,318,13985,8
nimbus,1784223063.788,anhnt550-k8s-knative-em4nvn2znek4-default-worker-6stg6-7r2pm,16000,2115,632,13885,10
nimbus,1784223063.788,anhnt550-k8s-knative-em4nvn2znek4-default-worker-6stg6-x67l2,16000,2305,541,13695,8
nimbus,1784223065.788,anhnt550-k8s-knative-em4nvn2znek4-default-worker-6stg6-6fl7s,16000,2015,701,13985,8
nimbus,1784223065.788,anhnt550-k8s-knative-em4nvn2znek4-default-worker-6stg6-7r2pm,16000,2115,232,13885,10
nimbus,1784223065.788,anhnt550-k8s-knative-em4nvn2znek4-default-worker-6stg6-x67l2,16000,2305,625,13695,8
nimbus,1784223067.788,anhnt550-k8s-knative-em4nvn2znek4-default-worker-6stg6-6fl7s,16000,1015,701,14985,7
nimbus,1784223067.788,anhnt550-k8s-knative-em4nvn2znek4-default-worker-6stg6-7r2pm,16000,2115,232,13885,10
nimbus,1784223067.788,anhnt550-k8s-knative-em4nvn2znek4-default-worker-6stg6-x67l2,16000,2305,625,13695,8
nimbus,1784223069.788,anhnt550-k8s-knative-em4nvn2znek4-default-worker-6stg6-6fl7s,16000,1015,701,14985,7
nimbus,1784223069.788,anhnt550-k8s-knative-em4nvn2znek4-default-worker-6stg6-7r2pm,16000,2115,232,13885,10
nimbus,1784223069.788,anhnt550-k8s-knative-em4nvn2znek4-default-worker-6stg6-x67l2,16000,2305,625,13695,8
nimbus,1784223071.788,anhnt550-k8s-knative-em4nvn2znek4-default-worker-6stg6-6fl7s,16000,2015,701,13985,8
nimbus,1784223071.788,anhnt550-k8s-knative-em4nvn2znek4-default-worker-6stg6-7r2pm,16000,2115,232,13885,10
nimbus,1784223071.788,anhnt550-k8s-knative-em4nvn2znek4-default-worker-6stg6-x67l2,16000,2305,625,13695,8
nimbus,1784223073.788,anhnt550-k8s-knative-em4nvn2znek4-default-worker-6stg6-6fl7s,16000,2015,701,13985,8
nimbus,1784223073.788,anhnt550-k8s-knative-em4nvn2znek4-default-worker-6stg6-7r2pm,16000,2115,232,13885,10
nimbus,1784223073.788,anhnt550-k8s-knative-em4nvn2znek4-default-worker-6stg6-x67l2,16000,2305,625,13695,8
nimbus,1784223075.788,anhnt550-k8s-knative-em4nvn2znek4-default-worker-6stg6-6fl7s,16000,2015,701,13985,8
nimbus,1784223075.788,anhnt550-k8s-knative-em4nvn2znek4-default-worker-6stg6-7r2pm,16000,2115,232,13885,10
nimbus,1784223075.788,anhnt550-k8s-knative-em4nvn2znek4-default-worker-6stg6-x67l2,16000,1305,625,14695,7
nimbus,1784223077.788,anhnt550-k8s-knative-em4nvn2znek4-default-worker-6stg6-6fl7s,16000,2015,701,13985,8
nimbus,1784223077.788,anhnt550-k8s-knative-em4nvn2znek4-default-worker-6stg6-7r2pm,16000,2115,232,13885,10
nimbus,1784223077.788,anhnt550-k8s-knative-em4nvn2znek4-default-worker-6stg6-x67l2,16000,1305,625,14695,7
nimbus,1784223079.788,anhnt550-k8s-knative-em4nvn2znek4-default-worker-6stg6-6fl7s,16000,2015,302,13985,8
nimbus,1784223079.788,anhnt550-k8s-knative-em4nvn2znek4-default-worker-6stg6-7r2pm,16000,2115,644,13885,10
nimbus,1784223079.788,anhnt550-k8s-knative-em4nvn2znek4-default-worker-6stg6-x67l2,16000,1305,497,14695,7
nimbus,1784223081.788,anhnt550-k8s-knative-em4nvn2znek4-default-worker-6stg6-6fl7s,16000,2015,302,13985,8
nimbus,1784223081.788,anhnt550-k8s-knative-em4nvn2znek4-default-worker-6stg6-7r2pm,16000,2115,644,13885,10
nimbus,1784223081.788,anhnt550-k8s-knative-em4nvn2znek4-default-worker-6stg6-x67l2,16000,2305,497,13695,8
nimbus,1784223083.788,anhnt550-k8s-knative-em4nvn2znek4-default-worker-6stg6-6fl7s,16000,2015,302,13985,8
nimbus,1784223083.788,anhnt550-k8s-knative-em4nvn2znek4-default-worker-6stg6-7r2pm,16000,2115,644,13885,10
nimbus,1784223083.788,anhnt550-k8s-knative-em4nvn2znek4-default-worker-6stg6-x67l2,16000,2305,497,13695,8
nimbus,1784223085.788,anhnt550-k8s-knative-em4nvn2znek4-default-worker-6stg6-6fl7s,16000,2015,302,13985,8
nimbus,1784223085.788,anhnt550-k8s-knative-em4nvn2znek4-default-worker-6stg6-7r2pm,16000,1115,644,14885,9
nimbus,1784223085.788,anhnt550-k8s-knative-em4nvn2znek4-default-worker-6stg6-x67l2,16000,2305,497,13695,8
nimbus,1784223087.788,anhnt550-k8s-knative-em4nvn2znek4-default-worker-6stg6-6fl7s,16000,2015,302,13985,8
nimbus,1784223087.788,anhnt550-k8s-knative-em4nvn2znek4-default-worker-6stg6-7r2pm,16000,1115,644,14885,9
nimbus,1784223087.788,anhnt550-k8s-knative-em4nvn2znek4-default-worker-6stg6-x67l2,16000,2305,497,13695,8
nimbus,1784223089.788,anhnt550-k8s-knative-em4nvn2znek4-default-worker-6stg6-6fl7s,16000,2015,302,13985,8
nimbus,1784223089.788,anhnt550-k8s-knative-em4nvn2znek4-default-worker-6stg6-7r2pm,16000,1115,644,14885,9
nimbus,1784223089.788,anhnt550-k8s-knative-em4nvn2znek4-default-worker-6stg6-x67l2,16000,2305,497,13695,8
nimbus,1784223091.788,anhnt550-k8s-knative-em4nvn2znek4-default-worker-6stg6-6fl7s,16000,2015,302,13985,8
nimbus,1784223091.788,anhnt550-k8s-knative-em4nvn2znek4-default-worker-6stg6-7r2pm,16000,2115,644,13885,10
nimbus,1784223091.788,anhnt550-k8s-knative-em4nvn2znek4-default-worker-6stg6-x67l2,16000,2305,497,13695,8
nimbus,1784223093.788,anhnt550-k8s-knative-em4nvn2znek4-default-worker-6stg6-6fl7s,16000,2015,302,13985,8
nimbus,1784223093.788,anhnt550-k8s-knative-em4nvn2znek4-default-worker-6stg6-7r2pm,16000,2115,644,13885,10
nimbus,1784223093.788,anhnt550-k8s-knative-em4nvn2znek4-default-worker-6stg6-x67l2,16000,2305,497,13695,8
nimbus,1784223095.788,anhnt550-k8s-knative-em4nvn2znek4-default-worker-6stg6-6fl7s,16000,1015,687,14985,7
nimbus,1784223095.788,anhnt550-k8s-knative-em4nvn2znek4-default-worker-6stg6-7r2pm,16000,2115,234,13885,10
nimbus,1784223095.788,anhnt550-k8s-knative-em4nvn2znek4-default-worker-6stg6-x67l2,16000,2305,653,13695,8
nimbus,1784223097.788,anhnt550-k8s-knative-em4nvn2znek4-default-worker-6stg6-6fl7s,16000,1015,687,14985,7
nimbus,1784223097.788,anhnt550-k8s-knative-em4nvn2znek4-default-worker-6stg6-7r2pm,16000,2115,234,13885,10
nimbus,1784223097.788,anhnt550-k8s-knative-em4nvn2znek4-default-worker-6stg6-x67l2,16000,2305,653,13695,8
nimbus,1784223099.788,anhnt550-k8s-knative-em4nvn2znek4-default-worker-6stg6-6fl7s,16000,1015,687,14985,7
nimbus,1784223099.788,anhnt550-k8s-knative-em4nvn2znek4-default-worker-6stg6-7r2pm,16000,2115,234,13885,10
nimbus,1784223099.788,anhnt550-k8s-knative-em4nvn2znek4-default-worker-6stg6-x67l2,16000,2305,653,13695,8
nimbus,1784223101.788,anhnt550-k8s-knative-em4nvn2znek4-default-worker-6stg6-6fl7s,16000,2015,687,13985,8
nimbus,1784223101.788,anhnt550-k8s-knative-em4nvn2znek4-default-worker-6stg6-7r2pm,16000,2115,234,13885,10
nimbus,1784223101.788,anhnt550-k8s-knative-em4nvn2znek4-default-worker-6stg6-x67l2,16000,2305,653,13695,8
nimbus,1784223103.788,anhnt550-k8s-knative-em4nvn2znek4-default-worker-6stg6-6fl7s,16000,2015,687,13985,8
nimbus,1784223103.788,anhnt550-k8s-knative-em4nvn2znek4-default-worker-6stg6-7r2pm,16000,2115,234,13885,10
nimbus,1784223103.788,anhnt550-k8s-knative-em4nvn2znek4-default-worker-6stg6-x67l2,16000,2305,653,13695,8
nimbus,1784223105.788,anhnt550-k8s-knative-em4nvn2znek4-default-worker-6stg6-6fl7s,16000,2015,687,13985,8
nimbus,1784223105.788,anhnt550-k8s-knative-em4nvn2znek4-default-worker-6stg6-7r2pm,16000,2115,234,13885,10
nimbus,1784223105.788,anhnt550-k8s-knative-em4nvn2znek4-default-worker-6stg6-x67l2,16000,1305,653,14695,7
nimbus,1784223107.788,anhnt550-k8s-knative-em4nvn2znek4-default-worker-6stg6-6fl7s,16000,2015,687,13985,8
nimbus,1784223107.788,anhnt550-k8s-knative-em4nvn2znek4-default-worker-6stg6-7r2pm,16000,2115,234,13885,10
nimbus,1784223107.788,anhnt550-k8s-knative-em4nvn2znek4-default-worker-6stg6-x67l2,16000,1305,653,14695,7
nimbus,1784223109.788,anhnt550-k8s-knative-em4nvn2znek4-default-worker-6stg6-6fl7s,16000,2015,352,13985,8
nimbus,1784223109.788,anhnt550-k8s-knative-em4nvn2znek4-default-worker-6stg6-7r2pm,16000,2115,623,13885,10
nimbus,1784223109.788,anhnt550-k8s-knative-em4nvn2znek4-default-worker-6stg6-x67l2,16000,1305,517,14695,7
nimbus,1784223111.788,anhnt550-k8s-knative-em4nvn2znek4-default-worker-6stg6-6fl7s,16000,2015,352,13985,8
nimbus,1784223111.788,anhnt550-k8s-knative-em4nvn2znek4-default-worker-6stg6-7r2pm,16000,2115,623,13885,10
nimbus,1784223111.788,anhnt550-k8s-knative-em4nvn2znek4-default-worker-6stg6-x67l2,16000,2305,517,13695,8
nimbus,1784223113.788,anhnt550-k8s-knative-em4nvn2znek4-default-worker-6stg6-6fl7s,16000,2015,352,13985,8
nimbus,1784223113.788,anhnt550-k8s-knative-em4nvn2znek4-default-worker-6stg6-7r2pm,16000,2115,623,13885,10
nimbus,1784223113.788,anhnt550-k8s-knative-em4nvn2znek4-default-worker-6stg6-x67l2,16000,2305,517,13695,8
nimbus,1784223115.788,anhnt550-k8s-knative-em4nvn2znek4-default-worker-6stg6-6fl7s,16000,2015,352,13985,8
nimbus,1784223115.788,anhnt550-k8s-knative-em4nvn2znek4-default-worker-6stg6-7r2pm,16000,1115,623,14885,9
nimbus,1784223115.788,anhnt550-k8s-knative-em4nvn2znek4-default-worker-6stg6-x67l2,16000,2305,517,13695,8
nimbus,1784223117.788,anhnt550-k8s-knative-em4nvn2znek4-default-worker-6stg6-6fl7s,16000,2015,352,13985,8
nimbus,1784223117.788,anhnt550-k8s-knative-em4nvn2znek4-default-worker-6stg6-7r2pm,16000,1115,623,14885,9
nimbus,1784223117.788,anhnt550-k8s-knative-em4nvn2znek4-default-worker-6stg6-x67l2,16000,2305,517,13695,8
nimbus,1784223119.788,anhnt550-k8s-knative-em4nvn2znek4-default-worker-6stg6-6fl7s,16000,2015,352,13985,8
nimbus,1784223119.788,anhnt550-k8s-knative-em4nvn2znek4-default-worker-6stg6-7r2pm,16000,1115,623,14885,9
nimbus,1784223119.788,anhnt550-k8s-knative-em4nvn2znek4-default-worker-6stg6-x67l2,16000,2305,517,13695,8
nimbus,1784223121.788,anhnt550-k8s-knative-em4nvn2znek4-default-worker-6stg6-6fl7s,16000,2015,352,13985,8
nimbus,1784223121.788,anhnt550-k8s-knative-em4nvn2znek4-default-worker-6stg6-7r2pm,16000,2115,623,13885,10
nimbus,1784223121.788,anhnt550-k8s-knative-em4nvn2znek4-default-worker-6stg6-x67l2,16000,2305,517,13695,8
nimbus,1784223123.788,anhnt550-k8s-knative-em4nvn2znek4-default-worker-6stg6-6fl7s,16000,2015,352,13985,8
nimbus,1784223123.788,anhnt550-k8s-knative-em4nvn2znek4-default-worker-6stg6-7r2pm,16000,2115,623,13885,10
nimbus,1784223123.788,anhnt550-k8s-knative-em4nvn2znek4-default-worker-6stg6-x67l2,16000,2305,517,13695,8
nimbus,1784223125.788,anhnt550-k8s-knative-em4nvn2znek4-default-worker-6stg6-6fl7s,16000,1015,719,14985,7
nimbus,1784223125.788,anhnt550-k8s-knative-em4nvn2znek4-default-worker-6stg6-7r2pm,16000,2115,226,13885,10
nimbus,1784223125.788,anhnt550-k8s-knative-em4nvn2znek4-default-worker-6stg6-x67l2,16000,2305,634,13695,8
nimbus,1784223127.788,anhnt550-k8s-knative-em4nvn2znek4-default-worker-6stg6-6fl7s,16000,1015,719,14985,7
nimbus,1784223127.788,anhnt550-k8s-knative-em4nvn2znek4-default-worker-6stg6-7r2pm,16000,2115,226,13885,10
nimbus,1784223127.788,anhnt550-k8s-knative-em4nvn2znek4-default-worker-6stg6-x67l2,16000,2305,634,13695,8
nimbus,1784223129.788,anhnt550-k8s-knative-em4nvn2znek4-default-worker-6stg6-6fl7s,16000,1015,719,14985,7
nimbus,1784223129.788,anhnt550-k8s-knative-em4nvn2znek4-default-worker-6stg6-7r2pm,16000,2115,226,13885,10
nimbus,1784223129.788,anhnt550-k8s-knative-em4nvn2znek4-default-worker-6stg6-x67l2,16000,2305,634,13695,8
nimbus,1784223131.788,anhnt550-k8s-knative-em4nvn2znek4-default-worker-6stg6-6fl7s,16000,2015,719,13985,8
nimbus,1784223131.788,anhnt550-k8s-knative-em4nvn2znek4-default-worker-6stg6-7r2pm,16000,2115,226,13885,10
nimbus,1784223131.788,anhnt550-k8s-knative-em4nvn2znek4-default-worker-6stg6-x67l2,16000,2305,634,13695,8
nimbus,1784223133.788,anhnt550-k8s-knative-em4nvn2znek4-default-worker-6stg6-6fl7s,16000,2015,719,13985,8
nimbus,1784223133.788,anhnt550-k8s-knative-em4nvn2znek4-default-worker-6stg6-7r2pm,16000,2115,226,13885,10
nimbus,1784223133.788,anhnt550-k8s-knative-em4nvn2znek4-default-worker-6stg6-x67l2,16000,2305,634,13695,8
nimbus,1784223135.788,anhnt550-k8s-knative-em4nvn2znek4-default-worker-6stg6-6fl7s,16000,2015,719,13985,8
nimbus,1784223135.788,anhnt550-k8s-knative-em4nvn2znek4-default-worker-6stg6-7r2pm,16000,2115,226,13885,10
nimbus,1784223135.788,anhnt550-k8s-knative-em4nvn2znek4-default-worker-6stg6-x67l2,16000,2305,634,13695,8
nimbus,1784223137.788,anhnt550-k8s-knative-em4nvn2znek4-default-worker-6stg6-6fl7s,16000,2015,719,13985,8
nimbus,1784223137.788,anhnt550-k8s-knative-em4nvn2znek4-default-worker-6stg6-7r2pm,16000,2115,226,13885,10
nimbus,1784223137.788,anhnt550-k8s-knative-em4nvn2znek4-default-worker-6stg6-x67l2,16000,1305,634,14695,7
nimbus,1784223139.788,anhnt550-k8s-knative-em4nvn2znek4-default-worker-6stg6-6fl7s,16000,2015,335,13985,8
nimbus,1784223139.788,anhnt550-k8s-knative-em4nvn2znek4-default-worker-6stg6-7r2pm,16000,2115,639,13885,10
nimbus,1784223139.788,anhnt550-k8s-knative-em4nvn2znek4-default-worker-6stg6-x67l2,16000,1305,541,14695,7
nimbus,1784223141.788,anhnt550-k8s-knative-em4nvn2znek4-default-worker-6stg6-6fl7s,16000,2015,335,13985,8
nimbus,1784223141.788,anhnt550-k8s-knative-em4nvn2znek4-default-worker-6stg6-7r2pm,16000,2115,639,13885,10
nimbus,1784223141.788,anhnt550-k8s-knative-em4nvn2znek4-default-worker-6stg6-x67l2,16000,2305,541,13695,8
nimbus,1784223143.788,anhnt550-k8s-knative-em4nvn2znek4-default-worker-6stg6-6fl7s,16000,2015,335,13985,8
nimbus,1784223143.788,anhnt550-k8s-knative-em4nvn2znek4-default-worker-6stg6-7r2pm,16000,1115,639,14885,9
nimbus,1784223143.788,anhnt550-k8s-knative-em4nvn2znek4-default-worker-6stg6-x67l2,16000,2305,541,13695,8
nimbus,1784223145.788,anhnt550-k8s-knative-em4nvn2znek4-default-worker-6stg6-6fl7s,16000,2015,335,13985,8
nimbus,1784223145.788,anhnt550-k8s-knative-em4nvn2znek4-default-worker-6stg6-7r2pm,16000,1115,639,14885,9
nimbus,1784223145.788,anhnt550-k8s-knative-em4nvn2znek4-default-worker-6stg6-x67l2,16000,2305,541,13695,8
nimbus,1784223147.788,anhnt550-k8s-knative-em4nvn2znek4-default-worker-6stg6-6fl7s,16000,2015,335,13985,8
nimbus,1784223147.788,anhnt550-k8s-knative-em4nvn2znek4-default-worker-6stg6-7r2pm,16000,1115,639,14885,9
nimbus,1784223147.788,anhnt550-k8s-knative-em4nvn2znek4-default-worker-6stg6-x67l2,16000,2305,541,13695,8
nimbus,1784223149.788,anhnt550-k8s-knative-em4nvn2znek4-default-worker-6stg6-6fl7s,16000,2015,335,13985,8
nimbus,1784223149.788,anhnt550-k8s-knative-em4nvn2znek4-default-worker-6stg6-7r2pm,16000,1115,639,14885,9
nimbus,1784223149.788,anhnt550-k8s-knative-em4nvn2znek4-default-worker-6stg6-x67l2,16000,2305,541,13695,8
nimbus,1784223151.788,anhnt550-k8s-knative-em4nvn2znek4-default-worker-6stg6-6fl7s,16000,2015,335,13985,8
nimbus,1784223151.788,anhnt550-k8s-knative-em4nvn2znek4-default-worker-6stg6-7r2pm,16000,2115,639,13885,10
nimbus,1784223151.788,anhnt550-k8s-knative-em4nvn2znek4-default-worker-6stg6-x67l2,16000,2305,541,13695,8
nimbus,1784223153.788,anhnt550-k8s-knative-em4nvn2znek4-default-worker-6stg6-6fl7s,16000,2015,335,13985,8
nimbus,1784223153.788,anhnt550-k8s-knative-em4nvn2znek4-default-worker-6stg6-7r2pm,16000,2115,639,13885,10
nimbus,1784223153.788,anhnt550-k8s-knative-em4nvn2znek4-default-worker-6stg6-x67l2,16000,2305,541,13695,8
nimbus,1784223155.788,anhnt550-k8s-knative-em4nvn2znek4-default-worker-6stg6-6fl7s,16000,1015,687,14985,7
nimbus,1784223155.788,anhnt550-k8s-knative-em4nvn2znek4-default-worker-6stg6-7r2pm,16000,2115,234,13885,10
nimbus,1784223155.788,anhnt550-k8s-knative-em4nvn2znek4-default-worker-6stg6-x67l2,16000,2305,708,13695,8
nimbus,1784223157.788,anhnt550-k8s-knative-em4nvn2znek4-default-worker-6stg6-6fl7s,16000,1015,687,14985,7
nimbus,1784223157.788,anhnt550-k8s-knative-em4nvn2znek4-default-worker-6stg6-7r2pm,16000,2115,234,13885,10
nimbus,1784223157.788,anhnt550-k8s-knative-em4nvn2znek4-default-worker-6stg6-x67l2,16000,2305,708,13695,8
nimbus,1784223159.788,anhnt550-k8s-knative-em4nvn2znek4-default-worker-6stg6-6fl7s,16000,1015,687,14985,7
nimbus,1784223159.788,anhnt550-k8s-knative-em4nvn2znek4-default-worker-6stg6-7r2pm,16000,2115,234,13885,10
nimbus,1784223159.788,anhnt550-k8s-knative-em4nvn2znek4-default-worker-6stg6-x67l2,16000,2305,708,13695,8
nimbus,1784223161.788,anhnt550-k8s-knative-em4nvn2znek4-default-worker-6stg6-6fl7s,16000,2015,687,13985,8
nimbus,1784223161.788,anhnt550-k8s-knative-em4nvn2znek4-default-worker-6stg6-7r2pm,16000,2115,234,13885,10
nimbus,1784223161.788,anhnt550-k8s-knative-em4nvn2znek4-default-worker-6stg6-x67l2,16000,2305,708,13695,8
nimbus,1784223163.788,anhnt550-k8s-knative-em4nvn2znek4-default-worker-6stg6-6fl7s,16000,2015,687,13985,8
nimbus,1784223163.788,anhnt550-k8s-knative-em4nvn2znek4-default-worker-6stg6-7r2pm,16000,2115,234,13885,10
nimbus,1784223163.788,anhnt550-k8s-knative-em4nvn2znek4-default-worker-6stg6-x67l2,16000,2305,708,13695,8
nimbus,1784223165.788,anhnt550-k8s-knative-em4nvn2znek4-default-worker-6stg6-6fl7s,16000,2015,687,13985,8
nimbus,1784223165.788,anhnt550-k8s-knative-em4nvn2znek4-default-worker-6stg6-7r2pm,16000,2115,234,13885,10
nimbus,1784223165.788,anhnt550-k8s-knative-em4nvn2znek4-default-worker-6stg6-x67l2,16000,2305,708,13695,8
nimbus,1784223167.788,anhnt550-k8s-knative-em4nvn2znek4-default-worker-6stg6-6fl7s,16000,2015,687,13985,8
nimbus,1784223167.788,anhnt550-k8s-knative-em4nvn2znek4-default-worker-6stg6-7r2pm,16000,2115,234,13885,10
nimbus,1784223167.788,anhnt550-k8s-knative-em4nvn2znek4-default-worker-6stg6-x67l2,16000,1305,708,14695,7
nimbus,1784223169.788,anhnt550-k8s-knative-em4nvn2znek4-default-worker-6stg6-6fl7s,16000,2015,387,13985,8
nimbus,1784223169.788,anhnt550-k8s-knative-em4nvn2znek4-default-worker-6stg6-7r2pm,16000,2115,650,13885,10
nimbus,1784223169.788,anhnt550-k8s-knative-em4nvn2znek4-default-worker-6stg6-x67l2,16000,1305,457,14695,7
nimbus,1784223171.788,anhnt550-k8s-knative-em4nvn2znek4-default-worker-6stg6-6fl7s,16000,2015,387,13985,8
nimbus,1784223171.788,anhnt550-k8s-knative-em4nvn2znek4-default-worker-6stg6-7r2pm,16000,2115,650,13885,10
nimbus,1784223171.788,anhnt550-k8s-knative-em4nvn2znek4-default-worker-6stg6-x67l2,16000,2305,457,13695,8
nimbus,1784223173.788,anhnt550-k8s-knative-em4nvn2znek4-default-worker-6stg6-6fl7s,16000,2015,387,13985,8
nimbus,1784223173.788,anhnt550-k8s-knative-em4nvn2znek4-default-worker-6stg6-7r2pm,16000,1115,650,14885,9
nimbus,1784223173.788,anhnt550-k8s-knative-em4nvn2znek4-default-worker-6stg6-x67l2,16000,2305,457,13695,8
nimbus,1784223175.788,anhnt550-k8s-knative-em4nvn2znek4-default-worker-6stg6-6fl7s,16000,2015,387,13985,8
nimbus,1784223175.788,anhnt550-k8s-knative-em4nvn2znek4-default-worker-6stg6-7r2pm,16000,1115,650,14885,9
nimbus,1784223175.788,anhnt550-k8s-knative-em4nvn2znek4-default-worker-6stg6-x67l2,16000,2305,457,13695,8
nimbus,1784223177.788,anhnt550-k8s-knative-em4nvn2znek4-default-worker-6stg6-6fl7s,16000,2015,387,13985,8
nimbus,1784223177.788,anhnt550-k8s-knative-em4nvn2znek4-default-worker-6stg6-7r2pm,16000,1115,650,14885,9
nimbus,1784223177.788,anhnt550-k8s-knative-em4nvn2znek4-default-worker-6stg6-x67l2,16000,2305,457,13695,8
nimbus,1784223179.788,anhnt550-k8s-knative-em4nvn2znek4-default-worker-6stg6-6fl7s,16000,2015,387,13985,8
nimbus,1784223179.788,anhnt550-k8s-knative-em4nvn2znek4-default-worker-6stg6-7r2pm,16000,1115,650,14885,9
nimbus,1784223179.788,anhnt550-k8s-knative-em4nvn2znek4-default-worker-6stg6-x67l2,16000,2305,457,13695,8
nimbus,1784223181.788,anhnt550-k8s-knative-em4nvn2znek4-default-worker-6stg6-6fl7s,16000,2015,387,13985,8
nimbus,1784223181.788,anhnt550-k8s-knative-em4nvn2znek4-default-worker-6stg6-7r2pm,16000,2115,650,13885,10
nimbus,1784223181.788,anhnt550-k8s-knative-em4nvn2znek4-default-worker-6stg6-x67l2,16000,2305,457,13695,8
nimbus,1784223183.788,anhnt550-k8s-knative-em4nvn2znek4-default-worker-6stg6-6fl7s,16000,2015,387,13985,8
nimbus,1784223183.788,anhnt550-k8s-knative-em4nvn2znek4-default-worker-6stg6-7r2pm,16000,2115,650,13885,10
nimbus,1784223183.788,anhnt550-k8s-knative-em4nvn2znek4-default-worker-6stg6-x67l2,16000,2305,457,13695,8
nimbus,1784223185.788,anhnt550-k8s-knative-em4nvn2znek4-default-worker-6stg6-6fl7s,16000,2015,694,13985,8
nimbus,1784223185.788,anhnt550-k8s-knative-em4nvn2znek4-default-worker-6stg6-7r2pm,16000,2115,231,13885,10
nimbus,1784223185.788,anhnt550-k8s-knative-em4nvn2znek4-default-worker-6stg6-x67l2,16000,2305,688,13695,8
nimbus,1784223187.788,anhnt550-k8s-knative-em4nvn2znek4-default-worker-6stg6-6fl7s,16000,1015,694,14985,7
nimbus,1784223187.788,anhnt550-k8s-knative-em4nvn2znek4-default-worker-6stg6-7r2pm,16000,2115,231,13885,10
nimbus,1784223187.788,anhnt550-k8s-knative-em4nvn2znek4-default-worker-6stg6-x67l2,16000,2305,688,13695,8
nimbus,1784223189.788,anhnt550-k8s-knative-em4nvn2znek4-default-worker-6stg6-6fl7s,16000,1015,694,14985,7
nimbus,1784223189.788,anhnt550-k8s-knative-em4nvn2znek4-default-worker-6stg6-7r2pm,16000,2115,231,13885,10
nimbus,1784223189.788,anhnt550-k8s-knative-em4nvn2znek4-default-worker-6stg6-x67l2,16000,2305,688,13695,8
nimbus,1784223191.788,anhnt550-k8s-knative-em4nvn2znek4-default-worker-6stg6-6fl7s,16000,2015,694,13985,8
nimbus,1784223191.788,anhnt550-k8s-knative-em4nvn2znek4-default-worker-6stg6-7r2pm,16000,2115,231,13885,10
nimbus,1784223191.788,anhnt550-k8s-knative-em4nvn2znek4-default-worker-6stg6-x67l2,16000,2305,688,13695,8
nimbus,1784223193.788,anhnt550-k8s-knative-em4nvn2znek4-default-worker-6stg6-6fl7s,16000,2015,694,13985,8
nimbus,1784223193.788,anhnt550-k8s-knative-em4nvn2znek4-default-worker-6stg6-7r2pm,16000,2115,231,13885,10
nimbus,1784223193.788,anhnt550-k8s-knative-em4nvn2znek4-default-worker-6stg6-x67l2,16000,2305,688,13695,8
nimbus,1784223195.788,anhnt550-k8s-knative-em4nvn2znek4-default-worker-6stg6-6fl7s,16000,2015,694,13985,8
nimbus,1784223195.788,anhnt550-k8s-knative-em4nvn2znek4-default-worker-6stg6-7r2pm,16000,2115,231,13885,10
nimbus,1784223195.788,anhnt550-k8s-knative-em4nvn2znek4-default-worker-6stg6-x67l2,16000,1305,688,14695,7
nimbus,1784223197.788,anhnt550-k8s-knative-em4nvn2znek4-default-worker-6stg6-6fl7s,16000,2015,694,13985,8
nimbus,1784223197.788,anhnt550-k8s-knative-em4nvn2znek4-default-worker-6stg6-7r2pm,16000,2115,231,13885,10
nimbus,1784223197.788,anhnt550-k8s-knative-em4nvn2znek4-default-worker-6stg6-x67l2,16000,1305,688,14695,7
nimbus,1784223199.788,anhnt550-k8s-knative-em4nvn2znek4-default-worker-6stg6-6fl7s,16000,2015,389,13985,8
nimbus,1784223199.788,anhnt550-k8s-knative-em4nvn2znek4-default-worker-6stg6-7r2pm,16000,2115,639,13885,10
nimbus,1784223199.788,anhnt550-k8s-knative-em4nvn2znek4-default-worker-6stg6-x67l2,16000,1305,525,14695,7
nimbus,1784223201.788,anhnt550-k8s-knative-em4nvn2znek4-default-worker-6stg6-6fl7s,16000,2015,389,13985,8
nimbus,1784223201.788,anhnt550-k8s-knative-em4nvn2znek4-default-worker-6stg6-7r2pm,16000,2115,639,13885,10
nimbus,1784223201.788,anhnt550-k8s-knative-em4nvn2znek4-default-worker-6stg6-x67l2,16000,2305,525,13695,8
nimbus,1784223203.788,anhnt550-k8s-knative-em4nvn2znek4-default-worker-6stg6-6fl7s,16000,2015,389,13985,8
nimbus,1784223203.788,anhnt550-k8s-knative-em4nvn2znek4-default-worker-6stg6-7r2pm,16000,2115,639,13885,10
nimbus,1784223203.788,anhnt550-k8s-knative-em4nvn2znek4-default-worker-6stg6-x67l2,16000,2305,525,13695,8
nimbus,1784223205.788,anhnt550-k8s-knative-em4nvn2znek4-default-worker-6stg6-6fl7s,16000,2015,389,13985,8
nimbus,1784223205.788,anhnt550-k8s-knative-em4nvn2znek4-default-worker-6stg6-7r2pm,16000,1115,639,14885,9
nimbus,1784223205.788,anhnt550-k8s-knative-em4nvn2znek4-default-worker-6stg6-x67l2,16000,2305,525,13695,8
nimbus,1784223207.788,anhnt550-k8s-knative-em4nvn2znek4-default-worker-6stg6-6fl7s,16000,2015,389,13985,8
nimbus,1784223207.788,anhnt550-k8s-knative-em4nvn2znek4-default-worker-6stg6-7r2pm,16000,1115,639,14885,9
nimbus,1784223207.788,anhnt550-k8s-knative-em4nvn2znek4-default-worker-6stg6-x67l2,16000,2305,525,13695,8
nimbus,1784223209.788,anhnt550-k8s-knative-em4nvn2znek4-default-worker-6stg6-6fl7s,16000,2015,389,13985,8
nimbus,1784223209.788,anhnt550-k8s-knative-em4nvn2znek4-default-worker-6stg6-7r2pm,16000,1115,639,14885,9
nimbus,1784223209.788,anhnt550-k8s-knative-em4nvn2znek4-default-worker-6stg6-x67l2,16000,2305,525,13695,8
nimbus,1784223211.788,anhnt550-k8s-knative-em4nvn2znek4-default-worker-6stg6-6fl7s,16000,2015,389,13985,8
nimbus,1784223211.788,anhnt550-k8s-knative-em4nvn2znek4-default-worker-6stg6-7r2pm,16000,2115,639,13885,10
nimbus,1784223211.788,anhnt550-k8s-knative-em4nvn2znek4-default-worker-6stg6-x67l2,16000,2305,525,13695,8
nimbus,1784223213.788,anhnt550-k8s-knative-em4nvn2znek4-default-worker-6stg6-6fl7s,16000,2015,389,13985,8
nimbus,1784223213.788,anhnt550-k8s-knative-em4nvn2znek4-default-worker-6stg6-7r2pm,16000,2115,639,13885,10
nimbus,1784223213.788,anhnt550-k8s-knative-em4nvn2znek4-default-worker-6stg6-x67l2,16000,2305,525,13695,8
nimbus,1784223215.788,anhnt550-k8s-knative-em4nvn2znek4-default-worker-6stg6-6fl7s,16000,2015,684,13985,8
nimbus,1784223215.788,anhnt550-k8s-knative-em4nvn2znek4-default-worker-6stg6-7r2pm,16000,2115,235,13885,10
nimbus,1784223215.788,anhnt550-k8s-knative-em4nvn2znek4-default-worker-6stg6-x67l2,16000,2305,688,13695,8
nimbus,1784223217.788,anhnt550-k8s-knative-em4nvn2znek4-default-worker-6stg6-6fl7s,16000,1015,684,14985,7
nimbus,1784223217.788,anhnt550-k8s-knative-em4nvn2znek4-default-worker-6stg6-7r2pm,16000,2115,235,13885,10
nimbus,1784223217.788,anhnt550-k8s-knative-em4nvn2znek4-default-worker-6stg6-x67l2,16000,2305,688,13695,8
nimbus,1784223219.788,anhnt550-k8s-knative-em4nvn2znek4-default-worker-6stg6-6fl7s,16000,1015,684,14985,7
nimbus,1784223219.788,anhnt550-k8s-knative-em4nvn2znek4-default-worker-6stg6-7r2pm,16000,2115,235,13885,10
nimbus,1784223219.788,anhnt550-k8s-knative-em4nvn2znek4-default-worker-6stg6-x67l2,16000,2305,688,13695,8
nimbus,1784223221.788,anhnt550-k8s-knative-em4nvn2znek4-default-worker-6stg6-6fl7s,16000,2015,684,13985,8
nimbus,1784223221.788,anhnt550-k8s-knative-em4nvn2znek4-default-worker-6stg6-7r2pm,16000,2115,235,13885,10
nimbus,1784223221.788,anhnt550-k8s-knative-em4nvn2znek4-default-worker-6stg6-x67l2,16000,2305,688,13695,8
nimbus,1784223223.788,anhnt550-k8s-knative-em4nvn2znek4-default-worker-6stg6-6fl7s,16000,2015,684,13985,8
nimbus,1784223223.788,anhnt550-k8s-knative-em4nvn2znek4-default-worker-6stg6-7r2pm,16000,2115,235,13885,10
nimbus,1784223223.788,anhnt550-k8s-knative-em4nvn2znek4-default-worker-6stg6-x67l2,16000,2305,688,13695,8
nimbus,1784223225.788,anhnt550-k8s-knative-em4nvn2znek4-default-worker-6stg6-6fl7s,16000,2015,684,13985,8
nimbus,1784223225.788,anhnt550-k8s-knative-em4nvn2znek4-default-worker-6stg6-7r2pm,16000,2115,235,13885,10
nimbus,1784223225.788,anhnt550-k8s-knative-em4nvn2znek4-default-worker-6stg6-x67l2,16000,1305,688,14695,7
nimbus,1784223227.788,anhnt550-k8s-knative-em4nvn2znek4-default-worker-6stg6-6fl7s,16000,2015,684,13985,8
nimbus,1784223227.788,anhnt550-k8s-knative-em4nvn2znek4-default-worker-6stg6-7r2pm,16000,2115,235,13885,10
nimbus,1784223227.788,anhnt550-k8s-knative-em4nvn2znek4-default-worker-6stg6-x67l2,16000,1305,688,14695,7
nimbus,1784223229.788,anhnt550-k8s-knative-em4nvn2znek4-default-worker-6stg6-6fl7s,16000,2015,418,13985,8
nimbus,1784223229.788,anhnt550-k8s-knative-em4nvn2znek4-default-worker-6stg6-7r2pm,16000,2115,647,13885,10
nimbus,1784223229.788,anhnt550-k8s-knative-em4nvn2znek4-default-worker-6stg6-x67l2,16000,1305,487,14695,7
nimbus,1784223231.788,anhnt550-k8s-knative-em4nvn2znek4-default-worker-6stg6-6fl7s,16000,2015,418,13985,8
nimbus,1784223231.788,anhnt550-k8s-knative-em4nvn2znek4-default-worker-6stg6-7r2pm,16000,2115,647,13885,10
nimbus,1784223231.788,anhnt550-k8s-knative-em4nvn2znek4-default-worker-6stg6-x67l2,16000,2305,487,13695,8
nimbus,1784223233.788,anhnt550-k8s-knative-em4nvn2znek4-default-worker-6stg6-6fl7s,16000,2015,418,13985,8
nimbus,1784223233.788,anhnt550-k8s-knative-em4nvn2znek4-default-worker-6stg6-7r2pm,16000,2115,647,13885,10
nimbus,1784223233.788,anhnt550-k8s-knative-em4nvn2znek4-default-worker-6stg6-x67l2,16000,2305,487,13695,8
nimbus,1784223235.788,anhnt550-k8s-knative-em4nvn2znek4-default-worker-6stg6-6fl7s,16000,2015,418,13985,8
nimbus,1784223235.788,anhnt550-k8s-knative-em4nvn2znek4-default-worker-6stg6-7r2pm,16000,1115,647,14885,9
nimbus,1784223235.788,anhnt550-k8s-knative-em4nvn2znek4-default-worker-6stg6-x67l2,16000,2305,487,13695,8
nimbus,1784223237.788,anhnt550-k8s-knative-em4nvn2znek4-default-worker-6stg6-6fl7s,16000,2015,418,13985,8
nimbus,1784223237.788,anhnt550-k8s-knative-em4nvn2znek4-default-worker-6stg6-7r2pm,16000,1115,647,14885,9
nimbus,1784223237.788,anhnt550-k8s-knative-em4nvn2znek4-default-worker-6stg6-x67l2,16000,2305,487,13695,8
nimbus,1784223239.788,anhnt550-k8s-knative-em4nvn2znek4-default-worker-6stg6-6fl7s,16000,2015,418,13985,8
nimbus,1784223239.788,anhnt550-k8s-knative-em4nvn2znek4-default-worker-6stg6-7r2pm,16000,1115,647,14885,9
nimbus,1784223239.788,anhnt550-k8s-knative-em4nvn2znek4-default-worker-6stg6-x67l2,16000,2305,487,13695,8
nimbus,1784223241.788,anhnt550-k8s-knative-em4nvn2znek4-default-worker-6stg6-6fl7s,16000,2015,418,13985,8
nimbus,1784223241.788,anhnt550-k8s-knative-em4nvn2znek4-default-worker-6stg6-7r2pm,16000,2115,647,13885,10
nimbus,1784223241.788,anhnt550-k8s-knative-em4nvn2znek4-default-worker-6stg6-x67l2,16000,2305,487,13695,8
nimbus,1784223243.788,anhnt550-k8s-knative-em4nvn2znek4-default-worker-6stg6-6fl7s,16000,2015,418,13985,8
nimbus,1784223243.788,anhnt550-k8s-knative-em4nvn2znek4-default-worker-6stg6-7r2pm,16000,2115,647,13885,10
nimbus,1784223243.788,anhnt550-k8s-knative-em4nvn2znek4-default-worker-6stg6-x67l2,16000,2305,487,13695,8
nimbus,1784223245.788,anhnt550-k8s-knative-em4nvn2znek4-default-worker-6stg6-6fl7s,16000,1015,672,14985,7
nimbus,1784223245.788,anhnt550-k8s-knative-em4nvn2znek4-default-worker-6stg6-7r2pm,16000,2115,234,13885,10
nimbus,1784223245.788,anhnt550-k8s-knative-em4nvn2znek4-default-worker-6stg6-x67l2,16000,2305,665,13695,8
nimbus,1784223247.788,anhnt550-k8s-knative-em4nvn2znek4-default-worker-6stg6-6fl7s,16000,1015,672,14985,7
nimbus,1784223247.788,anhnt550-k8s-knative-em4nvn2znek4-default-worker-6stg6-7r2pm,16000,2115,234,13885,10
nimbus,1784223247.788,anhnt550-k8s-knative-em4nvn2znek4-default-worker-6stg6-x67l2,16000,2305,665,13695,8
nimbus,1784223249.788,anhnt550-k8s-knative-em4nvn2znek4-default-worker-6stg6-6fl7s,16000,1015,672,14985,7
nimbus,1784223249.788,anhnt550-k8s-knative-em4nvn2znek4-default-worker-6stg6-7r2pm,16000,2115,234,13885,10
nimbus,1784223249.788,anhnt550-k8s-knative-em4nvn2znek4-default-worker-6stg6-x67l2,16000,2305,665,13695,8
nimbus,1784223251.788,anhnt550-k8s-knative-em4nvn2znek4-default-worker-6stg6-6fl7s,16000,1015,672,14985,7
nimbus,1784223251.788,anhnt550-k8s-knative-em4nvn2znek4-default-worker-6stg6-7r2pm,16000,2115,234,13885,10
nimbus,1784223251.788,anhnt550-k8s-knative-em4nvn2znek4-default-worker-6stg6-x67l2,16000,2305,665,13695,8
nimbus,1784223253.788,anhnt550-k8s-knative-em4nvn2znek4-default-worker-6stg6-6fl7s,16000,1015,672,14985,7
nimbus,1784223253.788,anhnt550-k8s-knative-em4nvn2znek4-default-worker-6stg6-7r2pm,16000,2115,234,13885,10
nimbus,1784223253.788,anhnt550-k8s-knative-em4nvn2znek4-default-worker-6stg6-x67l2,16000,2305,665,13695,8
nimbus,1784223255.788,anhnt550-k8s-knative-em4nvn2znek4-default-worker-6stg6-6fl7s,16000,1015,672,14985,7
nimbus,1784223255.788,anhnt550-k8s-knative-em4nvn2znek4-default-worker-6stg6-7r2pm,16000,2115,234,13885,10
nimbus,1784223255.788,anhnt550-k8s-knative-em4nvn2znek4-default-worker-6stg6-x67l2,16000,1305,665,14695,7
nimbus,1784223257.788,anhnt550-k8s-knative-em4nvn2znek4-default-worker-6stg6-6fl7s,16000,1015,672,14985,7
nimbus,1784223257.788,anhnt550-k8s-knative-em4nvn2znek4-default-worker-6stg6-7r2pm,16000,2115,234,13885,10
nimbus,1784223257.788,anhnt550-k8s-knative-em4nvn2znek4-default-worker-6stg6-x67l2,16000,1305,665,14695,7
nimbus,1784223259.788,anhnt550-k8s-knative-em4nvn2znek4-default-worker-6stg6-6fl7s,16000,1015,268,14985,7
nimbus,1784223259.788,anhnt550-k8s-knative-em4nvn2znek4-default-worker-6stg6-7r2pm,16000,2115,646,13885,10
nimbus,1784223259.788,anhnt550-k8s-knative-em4nvn2znek4-default-worker-6stg6-x67l2,16000,1305,484,14695,7
nimbus,1784223261.788,anhnt550-k8s-knative-em4nvn2znek4-default-worker-6stg6-6fl7s,16000,1015,268,14985,7
nimbus,1784223261.788,anhnt550-k8s-knative-em4nvn2znek4-default-worker-6stg6-7r2pm,16000,2115,646,13885,10
nimbus,1784223261.788,anhnt550-k8s-knative-em4nvn2znek4-default-worker-6stg6-x67l2,16000,1305,484,14695,7
nimbus,1784223263.788,anhnt550-k8s-knative-em4nvn2znek4-default-worker-6stg6-6fl7s,16000,1015,268,14985,7
nimbus,1784223263.788,anhnt550-k8s-knative-em4nvn2znek4-default-worker-6stg6-7r2pm,16000,2115,646,13885,10
nimbus,1784223263.788,anhnt550-k8s-knative-em4nvn2znek4-default-worker-6stg6-x67l2,16000,1305,484,14695,7
